Status,Course #,Sect,CR ,GE Reqs,Meeting Time(s)
Open,AFAD 398,B,1.00 ,,
Open,AFAM 298,,1.00 ,WRI,
Closed,AMCON 110,A,1.00 ,,MWF 1255-0150PM
,,,,,
,,,,,
Closed,AMCON 110,B,1.00 ,,MWF 1255-0150PM
,,,,,
,,,,,
Closed,AMCON 201,A,1.00 ,ALS-L,MWF 1150-1245PM
,,,,MCD,
,,,,WRI,
Closed,AMCON 201,B,1.00 ,ALS-L,MWF 1150-1245PM
,,,,MCD,
,,,,WRI,
Closed,AMST 207,,1.00 ,ALS-A,T 0935-1100
,,,,MCD,Th 0930-1050
Closed,AMST 294,,1.00 ,,
,,,,,
,,,,,
Open,AMST 298,,1.00 ,,
Closed,AMST 394,,1.00 ,,
,,,,,
,,,,,
Open,AMST 398,,1.00 ,,
Closed,ART 102,A,1.00 ,ALS-A,MWF 0800-1000
,,,,,
Closed,ART 102,B,1.00 ,ALS-A,MWF 1045-1245PM
,,,,,
Closed,ART 103,,1.00 ,ALS-A,T 0800-1100
,,,,,Th 0800-1050
Closed,ART 104,A,1.00 ,ALS-A,MWF 1045-1245PM
Closed,ART 104,B,1.00 ,ALS-A,MWF 1255-0255PM
Closed,ART 153,A,1.00 ,ALS-A,MWF 1045-1140
,,,,ORC,
Closed,ART 153,B,1.00 ,ALS-A,MWF 0200-0255PM
,,,,ORC,
Closed,ART 205,,1.00 ,ALS-A,MWF 1045-1245PM
,,,,,
,,,,,
Closed,ART 207,A,1.00 ,ALS-A,MWF 0800-1000
,,,,,
,,,,,
Closed,ART 207,B,1.00 ,ALS-A,MWF 1255-0255PM
,,,,,
,,,,,
Open,ART 221,,1.00 ,,T 1145-0245PM
,,,,,Th 1245-0345PM
,,,,,
Open,ART 223,,1.00 ,,T 1145-0245PM
,,,,,Th 1245-0345PM
Closed,ART 227,,1.00 ,,MWF 1255-0255PM
,,,,,
Closed,ART 232,,1.00 ,,T 0800-1100
,,,,,Th 0800-1050
,,,,,
Closed,ART 252,,1.00 ,ALS-A,MWF 0905-1000
,,,,HWC,
Closed,ART 276,,1.00 ,ALS-A,T 1145-0110PM
,,,,MCG,Th 1245-0205PM
Open,ART 277,,1.00 ,ALS-A,T 0120-0245PM
,,,,,Th 0215-0335PM
Closed,ART 294,,0.25 ,,
Open,ART 298,,1.00 ,,
Open,ART 298,B,1.00 ,,
Open,ART 298,C,1.00 ,WRI,
Open,ART 298,D,1.00 ,,
Closed,ART 394,,1.00 ,,
Open,ART 398,,1.00 ,WRI,
Closed,ART 398,A,1.00 ,WRI,
Closed,ART 398,B,1.00 ,,
Open,AS/RE 253,,1.00 ,MCG,T 1145-0110PM
,,,,,Th 1245-0205PM
Closed,AS/RE 289,A,1.00 ,EIN,MWF 1255-0150PM
,,,,,
,,,,,
Closed,AS/RE 289,B,1.00 ,EIN,MWF 0200-0255PM
,,,,,
,,,,,
Open,ASIAN 121,,1.00 ,MCG,T 0120-0245PM
,,,,,Th 0215-0335PM
,,,,,
Closed,ASIAN 210,,1.00 ,,T 1145-0110PM
,,,,,Th 1245-0205PM
,,,,,
Closed,ASIAN 270,,1.00 ,ALS-A,T 0935-1100
,,,,MCG,Th 0930-1050
Closed,ASIAN 282,,1.00 ,HBS,T 0600-0900PM
,,,,ORC,
Open,ASIAN 298,,1.00 ,,
Closed,ASIAN 394,,0.50 ,,
Closed,ASIAN 397,,1.00 ,EIN,T 0800-0925
,,,,WRI,Th 0800-0920
,,,,,
,,,,,
Open,ASIAN 398,,1.00 ,,
Open,BI/ES 398,,1.00 ,,
Closed,BIO 123,,1.00 ,IST,T 1145-0110PM
,,,,SED,Th 1245-0205PM
Closed,BIO 123,A,0.00 ,,W 0800-1000
Open,BIO 123,B,0.00 ,,W 1045-1245PM
Closed,BIO 123,C,0.00 ,,W 0100-0300PM
Open,BIO 143,,1.00 ,IST,MWF 0905-1000
,,,,SED,
,,,,,
Open,BIO 143,A,0.00 ,,M 0100-0400PM
Closed,BIO 143,B,0.00 ,,T 0800-1100
Open,BIO 143,C,0.00 ,,T 1145-0245PM
Closed,BIO 150,A,1.00 ,IST,MWF 1045-1140
,,,,SED,
,,,,,
Closed,BIO 150,B,1.00 ,IST,MWF 1150-1245PM
,,,,SED,
,,,,,
Closed,BIO 150,C,1.00 ,IST,MWF 0800-0855
,,,,SED,
,,,,,
Closed,BIO 150,A,0.00 ,,M 0100-0400PM
Closed,BIO 150,B,0.00 ,,T 0800-1100
Closed,BIO 150,C,0.00 ,,T 1145-0245PM
Closed,BIO 150,F,0.00 ,,Th 0800-1100
Open,BIO 150,G,0.00 ,,Th 1245-0345PM
Closed,BIO 150,H,0.00 ,,F 0200-0500PM
Closed,BIO 150,D,0.00 ,,T 0300-0600PM
Open,BIO 150,E,0.00 ,,W 0200-0500PM
Closed,BIO 227,,1.00 ,,MWF 0905-1000
,,,,,
,,,,,
Closed,BIO 227,A,0.00 ,,M 0100-0400PM
Closed,BIO 227,B,0.00 ,,T 0800-1100
Closed,BIO 227,C,0.00 ,,T 0120-0420PM
Open,BIO 231,,1.00 ,,MWF 1045-1140
,,,,,
,,,,,
Closed,BIO 231,A,0.00 ,,Th 0800-1100
Open,BIO 231,B,0.00 ,,Th 1245-0345PM
Closed,BIO 233,,1.00 ,,MWF 0800-0855
,,,,,
,,,,,
Closed,BIO 233,A,0.00 ,,F 0200-0500PM
Closed,BIO 233,B,0.00 ,,Th 0800-1100
Closed,BIO 233,C,0.00 ,,Th 1245-0345PM
Open,BIO 243,,1.00 ,,MWF 1150-1245PM
,,,,,
,,,,,
,,,,,
Open,BIO 243,A,0.00 ,,M 0100-0400PM
Open,BIO 243,B,0.00 ,,T 0800-1100
Open,BIO 243,C,0.00 ,,T 0120-0420PM
Open,BIO 248,,1.00 ,,T 0935-1100
,,,,,Th 0930-1050
,,,,,
Open,BIO 248,,0.00 ,,W 0200-0500PM
Open,BIO 261,,1.00 ,SED,MWF 1045-1140
,,,,,
,,,,,
Closed,BIO 261,A,0.00 ,,W 0100-0400PM
Closed,BIO 261,B,0.00 ,,Th 0800-1100
Closed,BIO 261,C,0.00 ,,Th 1245-0345PM
Open,BIO 275,,1.00 ,,MWF 0905-1000
,,,,,
,,,,,
Open,BIO 275,A,0.00 ,,W 0100-0400PM
Open,BIO 275,B,0.00 ,,Th 0800-1100
Closed,BIO 291,A,0.25 ,,Th 0700-0900PM
,,,,,
Closed,BIO 291,B,0.25 ,,
,,,,,
Closed,BIO 291,C,0.25 ,,F 0200-0400PM
,,,,,
Closed,BIO 294,,0.25 ,,
Open,BIO 294,A,0.25 ,,
Open,BIO 297,A,1.00 ,,
,,,,,
Open,BIO 297,B,0.50 ,,
,,,,,
Open,BIO 297,C,0.25 ,,
,,,,,
Closed,BIO 297,D,0.25 ,,
Closed,BIO 297,F,0.25 ,,
Closed,BIO 297,G,0.25 ,,
Closed,BIO 297,E,0.25 ,,
Open,BIO 298,,1.00 ,,
Closed,BIO 298,A,1.00 ,WRI,
Open,BIO 298,B,1.00 ,WRI,
Open,BIO 298,C,1.00 ,,
Closed,BIO 371,,1.00 ,ORC,T 0120-0220PM
,,,,WRI,
,,,,,
Closed,BIO 371,,0.00 ,,T 0230-0530PM
Closed,BIO 371,,0.00 ,,Th 0215-0405PM
Open,BIO 375,A,0.25 ,,
Closed,BIO 375,B,0.25 ,,
Closed,BIO 382,,1.00 ,WRI,MWF 1045-1140
,,,,,
,,,,,
Closed,BIO 382,A,0.00 ,,M 0200-0400PM
Closed,BIO 382,B,0.00 ,,W 0200-0400PM
Open,BIO 386,,1.00 ,IST,T 0935-1100
,,,,SED,Th 0930-1050
,,,,,
Open,BIO 386,A,0.00 ,,W 0200-0500PM
Open,BIO 386,B,0.00 ,,Th 1245-0345PM
Closed,BIO 394,,1.00 ,,
Closed,BIO 396,,0.50 ,,
,,,,,
Open,BIO 398,,1.00 ,,
Open,BIO 398,A,1.00 ,WRI,
Open,BIO 398,B,1.00 ,WRI,
Open,BIO 398,C,1.00 ,,
Open,BIO 398,D,1.00 ,,
Open,BIO 398,E,1.00 ,,
Open,BIO 398,F,1.00 ,WRI,
Open,BIO 398,G,1.00 ,,
Open,BMOLS 398,,1.00 ,,
Closed,CH/BI 125,,1.00 ,IST,MWF 0905-1000
,,,,SED,
,,,,,
,,,,,
Closed,CH/BI 125,A,0.00 ,,T 0800-1100
,,,,,
Closed,CH/BI 125,B,0.00 ,,T 1145-0245PM
,,,,,
Closed,CHEM 121,A,1.00 ,SED,MWF 0800-0855
,,,,,
,,,,,
,,,,,
Closed,CHEM 121,B,1.00 ,SED,MWF 0905-1000
,,,,,
,,,,,
,,,,,
Closed,CHEM 121,C,1.00 ,SED,MWF 1150-1245PM
,,,,,
,,,,,
,,,,,
Closed,CHEM 121,D,1.00 ,SED,MWF 1255-0150PM
,,,,,
,,,,,
,,,,,
Closed,CHEM 121,A,0.00 ,,M 0200-0500PM
Closed,CHEM 121,B,0.00 ,,T 0800-1100
Closed,CHEM 121,C,0.00 ,,T 1145-0245PM
Closed,CHEM 121,E,0.00 ,,W 0200-0500PM
Closed,CHEM 121,F,0.00 ,,Th 0800-1100
Closed,CHEM 121,G,0.00 ,,Th 1250-0350PM
Closed,CHEM 125,A,1.00 ,SED,MWF 0905-1000
,,,,,
,,,,,
Closed,CHEM 125,B,1.00 ,SED,MWF 1045-1140
,,,,,
,,,,,
Closed,CHEM 125,C,1.00 ,SED,MWF 1150-1245PM
,,,,,
,,,,,
Closed,CHEM 125,A,0.00 ,,M 0200-0500PM
Closed,CHEM 125,B,0.00 ,,T 0800-1100
Closed,CHEM 125,C,0.00 ,,T 1145-0245PM
Closed,CHEM 125,D,0.00 ,,T 0300-0600PM
Closed,CHEM 125,F,0.00 ,,Th 0800-1100
Closed,CHEM 125,G,0.00 ,,Th 1250-0350PM
Closed,CHEM 247,A,1.00 ,,MWF 0800-0855
,,,,,
,,,,,
Closed,CHEM 247,B,1.00 ,,MWF 0905-1000
,,,,,
,,,,,
Closed,CHEM 247,C,1.00 ,,T 1145-0110PM
,,,,,Th 1245-0205PM
,,,,,
Closed,CHEM 253,A,0.25 ,,M 0200-0500PM
Closed,CHEM 253,B,0.25 ,,T 0800-1100
Closed,CHEM 253,C,0.25 ,,T 1145-0245PM
Closed,CHEM 253,D,0.25 ,,T 0300-0600PM
Closed,CHEM 253,E,0.25 ,,W 0200-0500PM
Closed,CHEM 253,F,0.25 ,,Th 0800-1100
Closed,CHEM 253,H,0.25 ,,Th 0300-0600PM
Closed,CHEM 255,,1.00 ,,T 0935-1100
,,,,,Th 0930-1050
Closed,CHEM 256,A,0.25 ,,M 0100-0500PM
Closed,CHEM 256,B,0.25 ,,T 1145-0345PM
Closed,CHEM 294,,0.25 ,,
Closed,CHEM 297,A,0.25 ,,
Closed,CHEM 297,B,0.25 ,,
Closed,CHEM 297,C,0.25 ,,
Closed,CHEM 297,D,0.25 ,,
Closed,CHEM 297,E,0.25 ,,
Closed,CHEM 297,F,0.25 ,,
Closed,CHEM 297,G,0.25 ,,
Closed,CHEM 297,H,0.25 ,,
Closed,CHEM 297,I,0.50 ,,
Closed,CHEM 297,J,0.50 ,,
Closed,CHEM 297,K,0.50 ,,
Closed,CHEM 297,L,0.50 ,,
Closed,CHEM 297,M,0.50 ,,
Closed,CHEM 297,N,0.50 ,,
Closed,CHEM 297,O,0.50 ,,
Closed,CHEM 297,P,0.50 ,,
Closed,CHEM 297,Q,1.00 ,,
Closed,CHEM 297,R,1.00 ,,
Closed,CHEM 297,S,1.00 ,,
Closed,CHEM 297,T,1.00 ,,
Closed,CHEM 297,U,1.00 ,,
Closed,CHEM 297,V,1.00 ,,
Closed,CHEM 297,W,1.00 ,,
Closed,CHEM 297,X,1.00 ,,
Open,CHEM 298,,1.00 ,,
Closed,CHEM 357,A,0.25 ,WRI,M 0100-0500PM
Closed,CHEM 357,B,0.25 ,WRI,T 1145-0345PM
Closed,CHEM 371,,1.00 ,IST,MWF 0800-0855
,,,,,
,,,,,
Closed,CHEM 373,,0.25 ,,T 0120-0520PM
,,,,,
Closed,CHEM 375,,0.25 ,,
Closed,CHEM 378,A,0.25 ,,T 0120-0520PM
Closed,CHEM 378,B,0.25 ,,W 0200-0600PM
Closed,CHEM 379,A,1.00 ,IST,MWF 1150-1245PM
Closed,CHEM 379,B,1.00 ,IST,MWF 1255-0150PM
Closed,CHEM 382,,1.00 ,,MWF 1045-1140
,,,,,
Closed,CHEM 394,,1.00 ,,
Closed,CHEM 396,,1.00 ,,
Open,CHEM 398,,1.00 ,,
Closed,CHEM 398,A,1.00 ,,
Open,CHIN 111,A,1.00 ,,MWF 0905-1000
,,,,,
Closed,CHIN 111,B,1.00 ,,MWF 1045-1140
,,,,,
Open,CHIN 111,A,0.00 ,,T 0935-1100
Closed,CHIN 111,B,0.00 ,,T 1145-0110PM
Closed,CHIN 231,A,1.00 ,FOL-C,MWF 0905-1000
,,,,,
Closed,CHIN 231,B,1.00 ,FOL-C,MWF 1045-1140
,,,,,
Closed,CHIN 231,A,0.00 ,,Th 0800-0920
Closed,CHIN 231,B,0.00 ,,Th 0930-1050
Closed,CHIN 294,,1.00 ,,
Open,CHIN 298,,1.00 ,,
Open,CHIN 301,A,1.00 ,FOL-C,MWF 1150-1245PM
Open,CHIN 301,B,1.00 ,FOL-C,MWF 1255-0150PM
Open,CHIN 351,,1.00 ,,MWF 0200-0255PM
Closed,CHIN 394,,1.00 ,,
Open,CHIN 398,,1.00 ,,
Closed,CLASS 244,,1.00 ,ALS-L,T 1145-0110PM
,,,,HWC,Th 1245-0205PM
Closed,CLASS 294,,1.00 ,,
Open,CLASS 298,,1.00 ,,
Closed,CLASS 394,,1.00 ,,
Open,CLASS 398,,1.00 ,,
Closed,CSCI 121,A,1.00 ,AQR,MWF 0905-1000
,,,,,
,,,,,
Closed,CSCI 121,B,1.00 ,AQR,MWF 1255-0150PM
,,,,,
,,,,,
Closed,CSCI 125,,1.00 ,AQR,MWF 1045-1140
,,,,,
,,,,,
Closed,CSCI 241,,1.00 ,,MWF 1045-1140
,,,,,
Open,CSCI 251,,1.00 ,,MWF 0905-1000
,,,,,
,,,,,
,,,,,
Closed,CSCI 252,A,0.25 ,,W 0300-0500PM
,,,,,
Open,CSCI 252,B,0.25 ,,Th 1245-0245PM
,,,,,
Closed,CSCI 294,,1.00 ,,
Open,CSCI 298,,1.00 ,,
Closed,CSCI 300,A,1.00 ,,T 0935-1100
,,,,,Th 0930-1050
Closed,CSCI 300,B,1.00 ,,MWF 0200-0255PM
,,,,,
Closed,CSCI 390,A,1.00 ,WRI,MWF 1150-1245PM
,,,,,
,,,,,
Closed,CSCI 390,B,1.00 ,WRI,MWF 1255-0150PM
,,,,,
,,,,,
Closed,CSCI 394,,1.00 ,,
Open,CSCI 394,B,0.50 ,,
Open,CSCI 398,,1.00 ,,
Open,DANCE 100,,1.00 ,ALS-A,MWF 1150-1245PM
,,,,ORC,
Closed,DANCE 106,A,0.25 ,ALS-A,T 1005-1100
,,,,SPM,Th 0955-1050
Closed,DANCE 106,B,0.25 ,ALS-A,T 1005-1100
,,,,SPM,Th 0955-1050
Open,DANCE 106,C,0.25 ,ALS-A,MW 1255-0150PM
,,,,SPM,
Closed,DANCE 106,D,0.25 ,ALS-A,MW 1255-0150PM
,,,,SPM,
Open,DANCE 109,,0.25 ,ALS-A,T 1150-1245PM
,,,,SPM,Th 1245-0140PM
Open,DANCE 111,,0.25 ,ALS-A,MF 1045-1140
,,,,SPM,
Open,DANCE 112,A,0.25 ,ALS-A,MW 0905-1000
,,,,SPM,
Open,DANCE 112,B,0.25 ,ALS-A,T 0200-0255PM
,,,,SPM,Th 0240-0335PM
Closed,DANCE 113,,0.25 ,ALS-A,TTh 0800-0855
,,,,SPM,
Open,DANCE 121,,0.25 ,ALS-A,MF 1255-0150PM
,,,,SPM,
Open,DANCE 210,A,0.50 ,ALS-A,T 0120-0245PM
,,,,SPM,Th 0215-0335PM
Open,DANCE 210,B,0.50 ,ALS-A,MW 0200-0330PM
,,,,SPM,
Open,DANCE 211,A,0.25 ,ALS-A,T 0120-0245PM
,,,,SPM,Th 0215-0335PM
Open,DANCE 211,B,0.25 ,ALS-A,MW 0200-0330PM
,,,,SPM,
Closed,DANCE 220,,0.50 ,ALS-A,T 0800-0925
,,,,SPM,Th 0800-0920
Closed,DANCE 221,,0.25 ,ALS-A,T 0800-0925
,,,,SPM,Th 0800-0920
Open,DANCE 231,,1.00 ,ALS-A,T 1145-0110PM
,,,,,Th 1245-0205PM
Open,DANCE 270,,1.00 ,IST,MWF 0800-0855
,,,,,
Closed,DANCE 294,,0.25 ,,
Open,DANCE 298,,1.00 ,,
Open,DANCE 310,,0.50 ,ALS-A,MWF 0200-0330PM
,,,,SPM,
Open,DANCE 311,,0.25 ,ALS-A,MWF 0200-0330PM
,,,,SPM,
Open,DANCE 398,,1.00 ,,
Closed,DANCE 399,,1.00 ,,T 0935-1100
,,,,,Th 0930-1050
Closed,ECON 121,A,1.00 ,HBS,MWF 0200-0255PM
,,,,,
Closed,ECON 121,B,1.00 ,HBS,T 0935-1100
,,,,,Th 0930-1050
,,,,,
Closed,ECON 121,C,1.00 ,HBS,T 0800-0925
,,,,,Th 0800-0920
Closed,ECON 121,D,1.00 ,HBS,T 1145-0110PM
,,,,,Th 1245-0205PM
Closed,ECON 121,E,1.00 ,HBS,MWF 0905-1000
,,,,,
Closed,ECON 121,F,1.00 ,HBS,MWF 1045-1140
,,,,,
Closed,ECON 200,A,1.00 ,,MWF 0200-0255PM
Open,ECON 200,B,1.00 ,,MWF 1255-0150PM
Closed,ECON 222,,1.00 ,,T 0120-0245PM
,,,,,Th 0215-0335PM
Closed,ECON 242,,1.00 ,,T 1145-0110PM
,,,,,Th 1245-0205PM
Closed,ECON 247,,1.00 ,HWC,MWF 0800-0855
Closed,ECON 261,A,1.00 ,,MWF 0905-1000
Closed,ECON 261,B,1.00 ,,MWF 1045-1140
Closed,ECON 262,A,1.00 ,,MWF 0800-0855
,,,,,
Closed,ECON 262,B,1.00 ,,MWF 1150-1245PM
,,,,,
Closed,ECON 263,A,1.00 ,,T 0800-0925
,,,,,Th 0800-0920
Closed,ECON 263,B,1.00 ,,T 0935-1100
,,,,,Th 0930-1050
Closed,ECON 294,,1.00 ,,
Open,ECON 298,,1.00 ,,
Open,ECON 298,B,1.00 ,,
Closed,ECON 374,A,1.00 ,WRI,MWF 1150-1245PM
,,,,,
,,,,,
Closed,ECON 374,B,1.00 ,WRI,MWF 1255-0150PM
,,,,,
,,,,,
Closed,ECON 376,,1.00 ,EIN,MWF 1255-0150PM
,,,,WRI,
,,,,,
,,,,,
Closed,ECON 382,,1.00 ,WRI,MWF 0200-0255PM
,,,,,
,,,,,
,,,,,
Closed,ECON 385,,1.00 ,WRI,MWF 0905-1000
,,,,,
,,,,,
,,,,,
Closed,ECON 394,,1.00 ,,
Closed,ECON 396,,1.00 ,,T 0120-0245PM
,,,,,Th 0215-0335PM
Open,ECON 398,,1.00 ,WRI,
Open,ECON 398,B,1.00 ,,
Open,ECON 398,C,1.00 ,,
Open,EDUC 231,,0.00 ,,M 0700-0900PM
,,,,,
Closed,EDUC 250,,1.00 ,WRI,T 0935-1100
,,,,,Th 0930-1050
Closed,EDUC 260,,1.00 ,MCD,MWF 1255-0150PM
,,,,,
Closed,EDUC 290,,1.00 ,HBS,T 0800-0925
,,,,,Th 0800-0920
Open,EDUC 291,A,0.00 ,,Th 0400-0600PM
,,,,,
,,,,,
,,,,,
Open,EDUC 291,B,0.00 ,,Th 0630-0830PM
,,,,,
,,,,,
,,,,,
Closed,EDUC 294,,1.00 ,,
Open,EDUC 298,,1.00 ,,
Open,EDUC 298,A,1.00 ,WRI,
Closed,EDUC 330,A,1.00 ,ORC,MWF 0905-1000
,,,,,
,,,,,
Open,EDUC 330,B,1.00 ,ORC,MWF 1045-1140
,,,,,
,,,,,
Closed,EDUC 346,,1.00 ,EIN,T 0800-0925
,,,,,Th 0800-0920
Open,EDUC 346,,0.25 ,,T 0300-0400PM
Open,EDUC 353,,1.00 ,,T 0120-0245PM
,,,,,Th 0215-0335PM
Open,EDUC 356,,0.50 ,WRI,T 0120-0245PM
,,,,,Th 0215-0335PM
Open,EDUC 358,,0.50 ,,M 0700-0900PM
,,,,,
Open,EDUC 359,,0.50 ,,T 1145-0110PM
,,,,,Th 1245-0205PM
Closed,EDUC 372,A,0.50 ,,T 1145-0110PM
,,,,,
Open,EDUC 372,B,0.50 ,,T 0120-0245PM
,,,,,
Open,EDUC 374,,0.50 ,,T 1145-0110PM
,,,,,
Open,EDUC 375,,0.50 ,,Th 1245-0205PM
,,,,,
Open,EDUC 381,,0.50 ,,M-F 0800-0400PM
,,,,,
Open,EDUC 382,,0.00 ,,
,,,,,
Open,EDUC 385,,0.50 ,,M-F 0800-0400PM
,,,,,
Open,EDUC 389,,3.00 ,,M-F 0730-0400PM
,,,,,
Open,EDUC 391,,0.50 ,,
,,,,,
Closed,EDUC 394,,0.50 ,,
Open,EDUC 398,,1.00 ,,
Closed,ENGL 150,A,1.00 ,WRI,MWF 0905-1000
,,,,,
,,,,,
,,,,,
Closed,ENGL 150,B,1.00 ,WRI,T 1145-0110PM
,,,,,Th 1245-0205PM
,,,,,
,,,,,
Closed,ENGL 185,A,1.00 ,ALS-L,MWF 0800-0855
,,,,WRI,
,,,,,
Closed,ENGL 185,B,1.00 ,ALS-L,T 1145-0110PM
,,,,WRI,Th 1245-0205PM
,,,,,
Closed,ENGL 205,,1.00 ,ALS-L,T 0120-0245PM
,,,,MCD,Th 0215-0335PM
Closed,ENGL 206,,1.00 ,ALS-L,T 0935-1100
,,,,MCG,Th 0930-1050
Closed,ENGL 209,,1.00 ,ALS-L,T 0120-0245PM
,,,,MCD,Th 0215-0335PM
Closed,ENGL 223,,1.00 ,ALS-L,MWF 0905-1000
,,,,WRI,
Open,ENGL 253,,1.00 ,ALS-L,MWF 0200-0255PM
,,,,,
Closed,ENGL 258,,1.00 ,ALS-L,T 1145-0110PM
,,,,MCG,Th 1245-0205PM
Closed,ENGL 275,,1.00 ,ALS-L,MWF 1150-1245PM
,,,,,
Open,ENGL 276,,1.00 ,ALS-L,T 0935-1100
,,,,,Th 0930-1050
Open,ENGL 280,A,1.00 ,ALS-L,T 1145-0110PM
,,,,,Th 1245-0205PM
Open,ENGL 280,B,1.00 ,ALS-L,MWF 0905-1000
Closed,ENGL 284,,1.00 ,ALS-L,MWF 1045-1140
,,,,WRI,
Closed,ENGL 285,,1.00 ,WRI,T 0120-0245PM
,,,,,Th 0215-0335PM
Closed,ENGL 292,,1.00 ,WRI,MWF 1045-1140
Closed,ENGL 293,,1.00 ,WRI,MWF 1150-1245PM
Closed,ENGL 294,,1.00 ,,
Closed,ENGL 296,,1.00 ,WRI,MWF 1255-0150PM
Open,ENGL 298,,1.00 ,,
Open,ENGL 330,,1.00 ,,MWF 1255-0150PM
Closed,ENGL 360,,1.00 ,,MWF 0200-0255PM
Closed,ENGL 394,,1.00 ,,
Open,ENGL 398,,1.00 ,,
Open,ENGL 399,,1.00 ,,T 0935-1100
,,,,,Th 0930-1050
Closed,ENVST 137,,1.00 ,IST,T 0120-0245PM
,,,,,Th 0215-0335PM
Closed,ENVST 232,,1.00 ,HBS,T 0935-1100
,,,,,Th 0930-1050
Closed,ENVST 237,,1.00 ,,MWF 0200-0255PM
,,,,,
Closed,ENVST 270,,1.00 ,ALS-A,MWF 1150-1245PM
,,,,HWC,
Open,ENVST 294,,1.00 ,,
Open,ENVST 298,,1.00 ,,
Open,ENVST 298,B,1.00 ,WRI,
Open,ENVST 394,,1.00 ,,
Open,ENVST 394,B,0.25 ,,
Open,ENVST 398,,1.00 ,WRI,
Open,ENVST 399,A,1.00 ,,MWF 1255-0150PM
,,,,,
Closed,ENVST 399,B,1.00 ,,MWF 1255-0150PM
,,,,,
Closed,ES/PS 276,,1.00 ,HBS,T 1145-0110PM
,,,,,Th 1245-0205PM
Closed,ESAC 106,A,0.25 ,SPM,TTh 0935-1030
Closed,ESAC 106,B,0.25 ,SPM,MW 1045-1140
Closed,ESAC 108,,0.25 ,SPM,MWF 1150-1245PM
,,,,,
Closed,ESAC 118,A,0.25 ,SPM,T 0200-0255PM
,,,,,Th 0225-0315PM
Closed,ESAC 118,B,0.25 ,SPM,MW 1255-0150PM
,,,,,
Open,ESAC 121,A,0.25 ,SPM,MW 1045-1140
Closed,ESAC 121,B,0.25 ,SPM,TTh 0800-0855
Open,ESAC 130,A,0.25 ,SPM,MW 0905-1000
Closed,ESAC 130,B,0.25 ,SPM,TTh 0935-1035
Closed,ESAC 131,A,0.25 ,SPM,TTh 0800-0855
Closed,ESAC 131,B,0.25 ,SPM,TTh 0935-1030
Closed,ESAC 136,A,0.25 ,SPM,TTh 0935-1030
Closed,ESAC 136,B,0.25 ,SPM,MW 0905-1000
Closed,ESAC 141,A,0.25 ,SPM,MW 0905-1000
Open,ESAC 141,B,0.25 ,SPM,MW 1150-1245PM
Closed,ESAC 142,A,0.25 ,SPM,MW 0800-0855
Closed,ESAC 142,B,0.25 ,SPM,TTh 0935-1030
Closed,ESAC 150,,0.50 ,SPM,MWF 0200-0255PM
Closed,ESAC 151,A,0.25 ,SPM,TTh 0800-0855
Closed,ESAC 151,B,0.25 ,SPM,T 1145-1240PM
,,,,,Th 1245-0140PM
Closed,ESAC 151,C,0.25 ,SPM,MW 0800-0855
Closed,ESAC 151,D,0.25 ,SPM,MW 1045-1140
Open,ESAC 151,E,0.25 ,SPM,MW 1150-1245PM
Closed,ESAC 157,A,0.25 ,SPM,T 1145-0110PM
,,,,,Th 1245-0205PM
Closed,ESAC 157,B,0.25 ,SPM,MWF 1045-1140
,,,,,
Open,ESAC 158,,0.25 ,SPM,T 0935-1100
,,,,,Th 0930-1050
Open,ESAC 176,,0.25 ,SPM,
Open,ESAC 177,,0.25 ,SPM,
Open,ESAC 178,,0.25 ,SPM,
Open,ESAC 179,,0.25 ,SPM,
Open,ESAC 180,,0.25 ,SPM,
Open,ESAC 184,,0.25 ,SPM,
Open,ESAC 185,,0.25 ,SPM,
Open,ESAC 193,,0.25 ,SPM,
Closed,ESTH 231,,0.50 ,ORC,MWF 0905-1000
,,,,SPM,
,,,,,
,,,,,
Closed,ESTH 294,,0.50 ,,
Open,ESTH 298,,1.00 ,,
Open,ESTH 298,B,1.00 ,,
Closed,ESTH 375,,1.00 ,,MWF 1045-1140
,,,,,
Closed,ESTH 375,A,0.00 ,,T 0800-1100
Closed,ESTH 375,B,0.00 ,,Th 0800-1100
Open,ESTH 390,,1.00 ,WRI,MWF 1255-0150PM
,,,,,
Closed,ESTH 394,,1.00 ,,
Closed,ESTH 396,,0.50 ,,MWF 1150-1245PM
,,,,,
Open,ESTH 398,,1.00 ,WRI,
Closed,FAMST 232,,1.00 ,HBS,T 0800-0925
,,,,,Th 0800-0920
Closed,FAMST 242,,1.00 ,,MWF 0905-1000
,,,,,
Closed,FAMST 253,,1.00 ,ORC,MWF 1150-1245PM
,,,,,
Closed,FAMST 294,,0.25 ,,
Open,FAMST 298,,1.00 ,,
Closed,FAMST 394,,1.00 ,,
Open,FAMST 394,B,1.00 ,,
Open,FAMST 398,,1.00 ,,
Closed,FILM 101,,1.00 ,ALS-A,M 0700-1000PM
,,,,,T 1145-0110PM
,,,,,Th 1245-0205PM
Open,FILM 298,,1.00 ,,
Closed,FILM 394,,1.00 ,,
Open,FILM 398,,1.00 ,,
Open,FILM 398,B,1.00 ,,
Closed,FREN 111,A,1.00 ,,MWF 0905-1000
Closed,FREN 111,B,1.00 ,,MWF 1045-1140
Closed,FREN 231,A,1.00 ,,MWF 0800-0855
Closed,FREN 231,B,1.00 ,,MWF 0905-1000
Closed,FREN 231,C,1.00 ,,MWF 1255-0150PM
Closed,FREN 231,D,1.00 ,,MWF 0200-0255PM
Open,FREN 232,A,1.00 ,FOL-F,MWF 1255-0150PM
,,,,MCG,
Closed,FREN 232,B,1.00 ,FOL-F,MWF 1150-1245PM
,,,,MCG,
Closed,FREN 251,A,1.00 ,FOL-F,T 1145-0110PM
,,,,WRI,Th 1245-0205PM
Open,FREN 251,B,1.00 ,FOL-F,T 0120-0245PM
,,,,WRI,Th 0215-0335PM
Open,FREN 273,,1.00 ,WRI,T 0800-0925
,,,,,Th 0800-0920
Closed,FREN 294,,1.00 ,,
Open,FREN 298,,1.00 ,,
Open,FREN 372,,1.00 ,,T 0120-0245PM
,,,,,Th 0215-0335PM
Closed,FREN 394,,1.00 ,,
Open,FREN 398,,1.00 ,,
Open,FREN 398,B,1.00 ,,
Closed,GCON 113,A,1.00 ,,MWF 1255-0150PM
,,,,,
Closed,GCON 113,B,1.00 ,,MWF 1255-0150PM
,,,,,
Closed,GCON 113,C,1.00 ,,MWF 1255-0150PM
,,,,,
Closed,GCON 113,D,1.00 ,,MWF 1255-0150PM
,,,,,
Closed,GCON 113,E,1.00 ,,MWF 1255-0150PM
,,,,,
Closed,GCON 113,F,1.00 ,,MWF 1255-0150PM
,,,,,
Closed,GCON 217,A,1.00 ,ALS-L,MWF 1150-1245PM
,,,,WRI,
Closed,GCON 217,B,1.00 ,ALS-L,MWF 1150-1245PM
,,,,WRI,
Closed,GCON 217,C,1.00 ,ALS-L,MWF 1150-1245PM
,,,,WRI,
Closed,GCON 217,D,1.00 ,ALS-L,MWF 1150-1245PM
,,,,WRI,
Closed,GCON 217,E,1.00 ,ALS-L,MWF 1150-1245PM
,,,,WRI,
Closed,GCON 217,F,1.00 ,ALS-L,MWF 1150-1245PM
,,,,WRI,
Open,GERM 111,A,1.00 ,,MWF 0800-0855
Open,GERM 111,B,1.00 ,,MWF 0905-1000
Closed,GERM 147,,1.00 ,ALS-L,T 0120-0245PM
,,,,HWC,Th 0215-0335PM
Open,GERM 231,A,1.00 ,,MWF 1045-1140
Closed,GERM 231,B,1.00 ,,MWF 0200-0255PM
Open,GERM 251,,1.00 ,ALS-L,T 1145-0110PM
,,,,FOL-G,Th 1245-0205PM
,,,,WRI,
Open,GERM 276,,1.00 ,WRI,T 0935-1100
,,,,,Th 0930-1050
Closed,GERM 294,,1.00 ,,
Open,GERM 298,,1.00 ,,
Closed,GERM 394,,1.00 ,,
Open,GERM 398,,1.00 ,,
Open,GREEK 111,A,1.00 ,,MWF 1255-0150PM
Open,GREEK 111,B,1.00 ,,MWF 0200-0255PM
Open,GREEK 231,,1.00 ,FOL-K,MWF 0905-1000
Closed,GREEK 294,,1.00 ,,
Open,GREEK 298,,1.00 ,,
Open,GREEK 372,,1.00 ,FOL-K,T 0120-0245PM
,,,,,Th 0215-0335PM
Closed,GREEK 394,,1.00 ,,
Open,GREEK 398,,1.00 ,,
Closed,HIST 121,,1.00 ,HWC,MWF 0200-0255PM
,,,,,
Closed,HIST 122,,1.00 ,HWC,T 0935-1100
,,,,,Th 0930-1050
Closed,HIST 126,,1.00 ,MCG,T 0935-1100
,,,,WRI,Th 0930-1050
Closed,HIST 151,,1.00 ,MCG,T 0935-1100
,,,,,Th 0930-1050
Closed,HIST 182,A,1.00 ,HWC,MWF 0905-1000
,,,,MCD,
,,,,WRI,
Closed,HIST 182,B,1.00 ,HWC,MWF 1045-1140
,,,,MCD,
,,,,WRI,
Closed,HIST 188,,1.00 ,HWC,T 1145-0110PM
,,,,,Th 1245-0205PM
Closed,HIST 189,,1.00 ,MCG,MWF 1045-1140
,,,,,
Closed,HIST 190,,1.00 ,HWC,MWF 1045-1140
Closed,HIST 193,,1.00 ,MCG,MWF 0200-0255PM
Open,HIST 193,,0.25 ,,
Open,HIST 195,,1.00 ,MCG,T 0120-0245PM
,,,,,Th 0215-0335PM
Closed,HIST 198,A,1.00 ,HWC,MWF 0905-1000
,,,,MCD,
Closed,HIST 198,B,1.00 ,HWC,MWF 1045-1140
,,,,MCD,
Closed,HIST 203,,1.00 ,HWC,T 0935-1100
,,,,,Th 0930-1050
Closed,HIST 210,,1.00 ,WRI,MWF 1045-1140
Closed,HIST 211,,1.00 ,HWC,T 0120-0245PM
,,,,,Th 0215-0335PM
,,,,,
Closed,HIST 220,,1.00 ,HWC,T 1145-0110PM
,,,,,Th 1245-0205PM
Closed,HIST 270,,1.00 ,WRI,T 0120-0245PM
,,,,,Th 0215-0335PM
Closed,HIST 289,,1.00 ,MCG,MWF 1255-0150PM
Closed,HIST 291,,1.00 ,MCG,MWF 0905-1000
Closed,HIST 294,,1.00 ,,
Open,HIST 298,,1.00 ,,
Open,HIST 298,B,1.00 ,,
Open,HIST 298,C,1.00 ,,
Closed,HIST 303,,1.00 ,WRI,T 1145-0110PM
,,,,,Th 1245-0205PM
Closed,HIST 320,,1.00 ,WRI,T 0120-0245PM
,,,,,Th 0215-0335PM
,,,,,
Closed,HIST 394,,1.00 ,,
Open,HIST 398,,1.00 ,,
Closed,ID 234,,1.00 ,HBS,T 0120-0245PM
,,,,MCG,Th 0215-0335PM
Closed,ID 294,,1.00 ,,
Open,ID 298,,1.00 ,,
Closed,ID 394,,1.00 ,,
Open,ID 398,,1.00 ,WRI,
Closed,ID 398,A,1.00 ,,
Open,ID 398,C,1.00 ,,
Open,IS 294,,1.00 ,,
Open,IS 298,,1.00 ,,
Open,IS 391,A,1.00 ,,
,,,,,
Closed,IS 391,B,1.00 ,,
Closed,IS 391,C,1.00 ,,
Closed,IS 391,D,1.00 ,,
Closed,IS 391,E,1.00 ,,
Open,IS 392,,1.00 ,,
,,,,,
Open,IS 394,,1.00 ,,
Open,IS 398,,1.00 ,,
Closed,JAPAN 111,A,1.00 ,,MWF 1045-1140
,,,,,
Open,JAPAN 111,B,1.00 ,,MWF 1150-1245PM
,,,,,
Closed,JAPAN 111,A,0.00 ,,Th 1245-0140PM
Open,JAPAN 111,B,0.00 ,,Th 0150-0245PM
Open,JAPAN 231,A,1.00 ,FOL-J,MWF 1255-0150PM
,,,,,
Open,JAPAN 231,B,1.00 ,FOL-J,MWF 0200-0255PM
,,,,,
Open,JAPAN 231,A,0.00 ,,T 1005-1100
Open,JAPAN 231,B,0.00 ,,T 0120-0215PM
Open,JAPAN 298,,1.00 ,,
Open,JAPAN 298,B,1.00 ,,
Open,JAPAN 301,,1.00 ,FOL-J,MWF 1150-1245PM
Closed,JAPAN 394,,1.00 ,,
Open,JAPAN 398,,1.00 ,,
Closed,LAMST 294,,1.00 ,,
Open,LAMST 298,,1.00 ,WRI,
Open,LAMST 333,,1.00 ,MCG,T 0120-0245PM
,,,,,Th 0215-0335PM
Closed,LAMST 394,,1.00 ,,
Open,LAMST 398,,1.00 ,,
Open,LATIN 111,B,1.00 ,,MWF 1045-1140
Open,LATIN 111,C,1.00 ,,MWF 1150-1245PM
Open,LATIN 231,A,1.00 ,FOL-L,MWF 0800-0855
Closed,LATIN 231,B,1.00 ,FOL-L,MWF 1255-0150PM
Closed,LATIN 294,,1.00 ,,
Open,LATIN 298,,1.00 ,,
Open,LATIN 375,,1.00 ,FOL-L,T 0935-1100
,,,,,Th 0930-1050
Closed,LATIN 394,,1.00 ,,
Open,LATIN 398,,1.00 ,,
Open,LNGST 398,,1.00 ,,
Closed,MATH 119,A,1.00 ,AQR,MWF 0905-1000
,,,,,
,,,,,
,,,,,
Closed,MATH 119,B,1.00 ,AQR,MWF 1045-1140
,,,,,
,,,,,
,,,,,
Closed,MATH 119,A,0.00 ,,T 0935-1100
,,,,,Th 0930-1050
Closed,MATH 119,B,0.00 ,,T 1145-0110PM
,,,,,Th 1245-0205PM
Closed,MATH 120,A,1.00 ,AQR,MWF 0800-0855
,,,,,
Closed,MATH 120,B,1.00 ,AQR,MWF 0905-1000
,,,,,
Closed,MATH 120,C,1.00 ,AQR,MWF 1150-1245PM
,,,,,
Closed,MATH 120,D,1.00 ,AQR,MWF 1255-0150PM
,,,,,
Closed,MATH 120,E,1.00 ,AQR,MWF 0200-0255PM
,,,,,
Closed,MATH 126,A,1.00 ,AQR,MWF 0800-0855
,,,,,
Open,MATH 126,B,1.00 ,AQR,MWF 0905-1000
,,,,,
Open,MATH 126,C,1.00 ,AQR,MWF 1150-1245PM
,,,,,
Open,MATH 126,D,1.00 ,AQR,MWF 0200-0255PM
,,,,,
Closed,MATH 128,A,1.00 ,AQR,MWF 1045-1140
Closed,MATH 128,B,1.00 ,AQR,MWF 1150-1245PM
Open,MATH 220,A,1.00 ,AQR,MWF 0800-0855
Open,MATH 220,B,1.00 ,AQR,MWF 0905-1000
Closed,MATH 220,C,1.00 ,AQR,MWF 1150-1245PM
Open,MATH 220,D,1.00 ,AQR,MWF 1255-0150PM
Closed,MATH 220,E,1.00 ,AQR,MWF 0200-0255PM
Closed,MATH 226,A,1.00 ,,MWF 1255-0150PM
,,,,,
,,,,,
Open,MATH 226,B,1.00 ,,MWF 0200-0255PM
,,,,,
,,,,,
Open,MATH 230,A,1.00 ,,MWF 0905-1000
,,,,,
,,,,,
Closed,MATH 230,B,1.00 ,,MWF 1045-1140
,,,,,
,,,,,
Closed,MATH 232,,1.00 ,,MWF 1255-0150PM
Closed,MATH 244,A,1.00 ,WRI,MWF 1255-0150PM
,,,,,
Closed,MATH 244,B,1.00 ,WRI,MWF 0200-0255PM
,,,,,
Closed,MATH 252,A,1.00 ,WRI,MWF 0905-1000
,,,,,
Closed,MATH 252,B,1.00 ,WRI,MWF 1150-1245PM
,,,,,
Closed,MATH 262,,1.00 ,,MWF 1045-1140
,,,,,
Open,MATH 266,,1.00 ,,MWF 1045-1140
Closed,MATH 294,,1.00 ,,
Open,MATH 298,,1.00 ,,
Closed,MATH 298,A,1.00 ,,
Closed,MATH 330,,1.00 ,,T 1145-0110PM
,,,,,Th 1245-0205PM
,,,,,
Closed,MATH 348,,1.00 ,,T 1145-0110PM
,,,,,Th 1245-0205PM
Closed,MATH 382,,1.00 ,,T 0935-1100
,,,,,Th 0930-1050
,,,,,
Closed,MATH 394,,1.00 ,,
Closed,MATH 396,,1.00 ,,T 0800-0925
,,,,,Th 0800-0920
Open,MATH 398,,1.00 ,,
Open,MATH 398,B,1.00 ,WRI,
Open,MATH 398,C,1.00 ,,
Closed,MEDIA 160,,1.00 ,MCD,T 0935-1100
,,,,ORC,Th 0930-1050
Closed,MEDIA 294,,1.00 ,,
Open,MEDIA 294,B,0.25 ,,
Open,MEDIA 298,,1.00 ,WRI,
Closed,MEDIA 394,,1.00 ,,
Open,MEDIA 398,,1.00 ,,
Open,MEDVL 398,,1.00 ,,
Closed,MGMT 225,A,1.00 ,,T 1145-0110PM
,,,,,Th 1245-0205PM
Closed,MGMT 225,B,1.00 ,,T 0120-0245PM
,,,,,Th 0215-0335PM
Open,MGMT 237,,1.00 ,,Th 0700-1000PM
,,,,,
Closed,MGMT 250,,1.00 ,HBS,T 0800-0925
,,,,,Th 0800-0920
,,,,,
Closed,MGMT 251,A,1.00 ,HBS,MWF 1255-0150PM
,,,,,
Closed,MGMT 251,B,1.00 ,HBS,MWF 0200-0255PM
,,,,,
Open,MGMT 281,,1.00 ,,T 0935-1100
,,,,,Th 0930-1050
Closed,MGMT 294,,1.00 ,,
Open,MGMT 298,,1.00 ,,
Open,MGMT 383,,1.00 ,,T 0935-1100
,,,,,Th 0930-1050
Closed,MGMT 394,,1.00 ,,
Open,MGMT 398,,1.00 ,,
Closed,MSCS 264,A,1.00 ,AQR,T 0935-1100
,,,,,Th 0930-1050
Closed,MSCS 264,B,1.00 ,AQR,T 1145-0110PM
,,,,,Th 1245-0205PM
Open,MSCS 389,,0.50 ,,MWF 0200-0255PM
,,,,,
Open,MSCS 398,,1.00 ,,
Closed,MUSIC 112,A,1.00 ,,MWF 0905-1000
,,,,,
,,,,,
Closed,MUSIC 112,B,1.00 ,,MWF 1045-1140
,,,,,
,,,,,
,,,,,
Closed,MUSIC 112,C,1.00 ,,MWF 1255-0150PM
Open,MUSIC 114,A,1.00 ,,MF 0800-0855
,,,,,T 0800-0925
,,,,,Th 0800-0920
Open,MUSIC 114,B,1.00 ,,MF 1255-0150PM
,,,,,T 0120-0245PM
,,,,,Th 0215-0335PM
Closed,MUSIC 141,,1.00 ,ALS-A,MWF 0200-0255PM
,,,,HWC,
Closed,MUSIC 161,A,0.25 ,,TTh 0800-0855
Closed,MUSIC 161,B,0.25 ,,MW 1255-0150PM
,,,,,
Closed,MUSIC 161,C,0.25 ,,MW 0200-0255PM
,,,,,
Open,MUSIC 161,D,0.25 ,,T 0120-0215PM
,,,,,Th 0215-0310PM
Closed,MUSIC 162,,0.25 ,,MW 0800-0855
Closed,MUSIC 164,,0.25 ,,MW 1150-1245PM
,,,,,
Closed,MUSIC 165,,0.25 ,,Th 0700-1000PM
,,,,,
Open,MUSIC 168,,0.25 ,,MWF 1150-1245PM
,,,,,
Closed,MUSIC 169,,0.25 ,,MWF 1150-1245PM
,,,,,
,,,,,
,,,,,
Closed,MUSIC 212,A,1.00 ,,MWF 0905-1000
,,,,,Th 0930-1050
Closed,MUSIC 212,B,1.00 ,,MWF 1045-1140
,,,,,Th 1245-0205PM
Open,MUSIC 214,,1.00 ,,MWF 1150-1245PM
,,,,,Th 1245-0205PM
Closed,MUSIC 223,,1.00 ,,T 1145-0110PM
,,,,,Th 1245-0205PM
Closed,MUSIC 231,,1.00 ,ALS-A,T 0120-0245PM
,,,,MCD,Th 0215-0335PM
Closed,MUSIC 237,,1.00 ,ALS-A,MWF 1045-1140
,,,,MCG,
Open,MUSIC 252,,0.50 ,,T 0120-0245PM
,,,,,Th 0215-0335PM
Closed,MUSIC 261,A,0.25 ,,MW 0905-1000
Closed,MUSIC 261,B,0.25 ,,MW 1045-1140
Open,MUSIC 261,C,0.25 ,,MW 1150-1245PM
Closed,MUSIC 263,,0.25 ,,MW 0200-0255PM
,,,,,
Closed,MUSIC 267,,1.00 ,,T 1145-0110PM
,,,,,Th 1245-0205PM
,,,,,
Open,MUSIC 275,,0.25 ,,
,,,,,
,,,,,
,,,,,
Open,MUSIC 290,,0.50 ,,MWF 1255-0150PM
,,,,,
Closed,MUSIC 291,,0.25 ,,MW 1255-0150PM
,,,,,
,,,,,
,,,,,
Closed,MUSIC 294,,1.00 ,,
Open,MUSIC 295,,0.50 ,,MWF 0200-0255PM
,,,,,
Open,MUSIC 298,,1.00 ,,
Open,MUSIC 298,B,1.00 ,,
Open,MUSIC 324,,1.00 ,,T 0120-0245PM
,,,,,Th 0215-0335PM
Closed,MUSIC 345,,1.00 ,WRI,T 0800-0925
,,,,,Th 0800-0920
Open,MUSIC 354,A,0.50 ,,T 0935-1100
,,,,,Th 0930-1050
Open,MUSIC 354,B,0.50 ,,T 0935-1100
,,,,,Th 0930-1050
Closed,MUSIC 394,,1.00 ,,
Open,MUSIC 398,,1.00 ,,
Closed,MUSIC 398,A,1.00 ,,
Open,MUSIC 398,B,1.00 ,,
Open,NEURO 298,,1.00 ,,
Open,NEURO 298,B,1.00 ,WRI,
Open,NEURO 398,,1.00 ,,
Open,NEURO 398,B,1.00 ,WRI,
Open,NORW 111,A,1.00 ,,MWF 0800-0855
,,,,,
Closed,NORW 111,B,1.00 ,,MWF 0905-1000
,,,,,
Closed,NORW 111,C,1.00 ,,MWF 1045-1140
,,,,,
Open,NORW 111,D,1.00 ,,MWF 1255-0150PM
,,,,,
Closed,NORW 231,A,1.00 ,FOL-N,MWF 0905-1000
Closed,NORW 231,B,1.00 ,FOL-N,MWF 1150-1245PM
Closed,NORW 231,C,1.00 ,FOL-N,MWF 1255-0150PM
Open,NORW 253,,1.00 ,FOL-N,T 0935-1100
,,,,ORC,Th 0930-1050
Closed,NORW 294,,1.00 ,,
Open,NORW 298,,1.00 ,,
Open,NORW 371,,1.00 ,ALS-L,T 1145-0110PM
,,,,FOL-N,Th 1245-0205PM
,,,,WRI,
Closed,NORW 394,,1.00 ,,
Open,NORW 398,,1.00 ,,
Closed,NURS 110,A,1.00 ,IST,T 1145-0110PM
,,,,,Th 1245-0205PM
Closed,NURS 110,B,1.00 ,IST,MWF 1150-1245PM
Closed,NURS 294,,0.25 ,,
Open,NURS 298,,1.00 ,,
Closed,NURS 311,,1.00 ,,MWF 0800-0855
,,,,,
,,,,,
Closed,NURS 313,,1.00 ,ORC,MWF 0905-1000
,,,,,
Open,NURS 315,,1.00 ,,MWF 1150-1245PM
,,,,,
Open,NURS 316,,1.00 ,,MWF 1255-0150PM
,,,,,
,,,,,
Closed,NURS 394,,1.00 ,,
Open,NURS 398,,1.00 ,,
Open,NURS 398,B,1.00 ,,
Closed,PACON 280,A,1.00 ,,T 1145-0110PM
,,,,,Th 1245-0205PM
Closed,PACON 280,B,1.00 ,,T 1145-0110PM
,,,,,Th 1245-0205PM
Closed,PHIL 118,A,1.00 ,HWC,T 1145-0110PM
,,,,,Th 1245-0205PM
,,,,,
Closed,PHIL 118,B,1.00 ,HWC,T 0120-0245PM
,,,,,Th 0215-0335PM
,,,,,
Closed,PHIL 119,A,1.00 ,HBS,MWF 0905-1000
,,,,,
,,,,,
Closed,PHIL 119,B,1.00 ,HBS,MWF 1045-1140
,,,,,
,,,,,
Closed,PHIL 235,,1.00 ,HWC,MWF 1255-0150PM
,,,,WRI,
Closed,PHIL 241,A,1.00 ,BTS-T,MWF 1045-1140
Closed,PHIL 241,B,1.00 ,BTS-T,MWF 1150-1245PM
Closed,PHIL 250,,1.00 ,EIN,MWF 0905-1000
,,,,WRI,
,,,,,
Closed,PHIL 253,,1.00 ,EIN,MWF 1255-0150PM
,,,,,
,,,,,
Closed,PHIL 254,A,1.00 ,EIN,T 0935-1100
,,,,WRI,Th 0930-1050
,,,,,
Closed,PHIL 254,B,1.00 ,EIN,T 1145-0110PM
,,,,WRI,Th 1245-0205PM
,,,,,
Closed,PHIL 255,,1.00 ,EIN,T 0800-0925
,,,,,Th 0800-0920
,,,,,
Closed,PHIL 256,A,1.00 ,EIN,T 0935-1100
,,,,WRI,Th 0930-1050
,,,,,
Closed,PHIL 256,B,1.00 ,EIN,T 1145-0110PM
,,,,WRI,Th 1245-0205PM
,,,,,
Closed,PHIL 258,A,1.00 ,EIN,MWF 1045-1140
,,,,WRI,
,,,,,
Closed,PHIL 258,B,1.00 ,EIN,MWF 1150-1245PM
,,,,WRI,
,,,,,
Closed,PHIL 294,,1.00 ,,
Open,PHIL 298,,1.00 ,WRI,
Open,PHIL 371,,1.00 ,,MWF 0200-0255PM
Closed,PHIL 394,,1.00 ,,
Open,PHIL 398,,1.00 ,,
Closed,PHIL 398,A,1.00 ,,
Open,PHIL 398,B,1.00 ,WRI,
Open,PHIL 398,C,1.00 ,WRI,
Open,PHYS 112,,1.00 ,IST,MWF 1150-1245PM
Closed,PHYS 124,A,1.00 ,SED,MWF 0800-0855
,,,,,
,,,,,
Closed,PHYS 124,B,1.00 ,SED,MWF 1150-1245PM
,,,,,
,,,,,
Open,PHYS 124,A,0.00 ,,M 1255-0325PM
Closed,PHYS 124,B,0.00 ,,T 1145-0215PM
Closed,PHYS 124,C,0.00 ,,T 0225-0455PM
Closed,PHYS 124,D,0.00 ,,Th 1245-0315PM
Closed,PHYS 124,E,0.00 ,,F 0200-0430PM
Open,PHYS 124,F,0.00 ,,Th 0800-1030
Closed,PHYS 130,A,1.00 ,IST,MWF 0905-1000
,,,,SED,T 0830-0925
,,,,,Th 0825-0920
Open,PHYS 130,B,1.00 ,IST,MWF 1045-1140
,,,,SED,T 1005-1100
,,,,,Th 0955-1050
Open,PHYS 130,A,0.00 ,,M 1255-0325PM
Open,PHYS 130,B,0.00 ,,T 1145-0215PM
Closed,PHYS 130,C,0.00 ,,T 0225-0455PM
Open,PHYS 232,,1.00 ,IST,MWF 0905-1000
,,,,SED,
Open,PHYS 232,A,0.00 ,,Th 0820-1050
Open,PHYS 232,B,0.00 ,,Th 1245-0315PM
Closed,PHYS 294,,1.00 ,,
Open,PHYS 298,,1.00 ,,
Open,PHYS 298,B,1.00 ,,
Open,PHYS 362,,1.00 ,,T 0935-1100
,,,,,Th 0930-1050
Open,PHYS 374,,1.00 ,,MWF 1045-1140
,,,,,
Open,PHYS 376,,1.00 ,,MWF 0800-0855
,,,,,
Closed,PHYS 386,A,0.25 ,,Th 1245-0345PM
,,,,,
,,,,,
Closed,PHYS 386,B,0.25 ,,M 0200-0500PM
,,,,,
,,,,,
Closed,PHYS 394,,1.00 ,,
Closed,PHYS 396,A,1.00 ,,
,,,,,
,,,,,
Closed,PHYS 396,B,1.00 ,,
Open,PHYS 398,,1.00 ,,
Closed,PSCI 111,A,1.00 ,HBS,T 0800-0925
,,,,MCD,Th 0800-0920
Closed,PSCI 111,B,1.00 ,HBS,T 0935-1100
,,,,MCD,Th 0930-1050
Open,PSCI 115,B,1.00 ,HBS,MWF 1150-1245PM
Open,PSCI 121,A,1.00 ,HBS,MWF 0800-0855
Closed,PSCI 121,B,1.00 ,HBS,MWF 0905-1000
Closed,PSCI 220,,1.00 ,,T 1145-0110PM
,,,,,Th 1245-0205PM
,,,,,
Open,PSCI 222,A,1.00 ,HBS,T 1145-0110PM
,,,,,Th 1245-0205PM
Open,PSCI 222,B,1.00 ,HBS,T 0120-0245PM
,,,,,Th 0215-0335PM
Closed,PSCI 255,,1.00 ,,MWF 1150-1245PM
,,,,,
Closed,PSCI 262,,1.00 ,HWC,T 0935-1100
,,,,,Th 0930-1050
Closed,PSCI 272,,1.00 ,,MWF 1045-1140
,,,,,
Closed,PSCI 282,,1.00 ,HBS,MWF 0200-0255PM
Closed,PSCI 294,,1.00 ,,
Open,PSCI 294,B,0.25 ,,
Open,PSCI 294,C,0.50 ,,
Open,PSCI 296,,1.00 ,HBS,MWF 0905-1000
,,,,,
Closed,PSCI 311,,1.00 ,WRI,T 0120-0245PM
,,,,,Th 0215-0335PM
,,,,,
Closed,PSCI 322,,1.00 ,WRI,T 0800-0925
,,,,,Th 0800-0920
,,,,,
Closed,PSCI 384,,1.00 ,WRI,MWF 1255-0150PM
,,,,,
,,,,,
Closed,PSCI 394,,1.00 ,,
Open,PSCI 398,,1.00 ,,
Closed,PSYCH 125,A,1.00 ,HBS,MWF 0905-1000
,,,,IST,
,,,,,
Closed,PSYCH 125,B,1.00 ,HBS,T 1145-0110PM
,,,,IST,Th 1245-0205PM
Open,PSYCH 125,C,1.00 ,HBS,T 0120-0245PM
,,,,IST,Th 0215-0335PM
Closed,PSYCH 230,A,1.00 ,WRI,MWF 0905-1000
,,,,,
,,,,,
Closed,PSYCH 230,B,1.00 ,WRI,MWF 1255-0150PM
,,,,,
,,,,,
Closed,PSYCH 230,A,0.00 ,,T 0900-1100
Closed,PSYCH 230,B,0.00 ,,Th 0100-0300PM
Open,PSYCH 235,,1.00 ,SED,MWF 0800-0855
,,,,,
Open,PSYCH 235,A,0.00 ,,M 1045-0145PM
Closed,PSYCH 235,B,0.00 ,,T 1145-0245PM
Closed,PSYCH 236,,1.00 ,SED,MWF 1150-1245PM
,,,,,
Closed,PSYCH 236,A,0.00 ,,T 0900-1100
Closed,PSYCH 236,B,0.00 ,,T 1145-0145PM
Closed,PSYCH 238,A,1.00 ,IST,MWF 1045-1140
,,,,,
Closed,PSYCH 238,B,1.00 ,IST,MWF 0200-0255PM
,,,,,
Closed,PSYCH 241,A,1.00 ,HBS,MWF 0905-1000
Closed,PSYCH 241,B,1.00 ,HBS,T 0935-1100
,,,,,Th 0930-1050
Closed,PSYCH 241,C,1.00 ,HBS,T 0120-0245PM
,,,,,Th 0215-0335PM
Closed,PSYCH 247,A,1.00 ,HBS,T 1145-0110PM
,,,,,Th 1245-0205PM
Closed,PSYCH 247,B,1.00 ,HBS,T 0120-0245PM
,,,,,Th 0215-0335PM
Closed,PSYCH 249,A,1.00 ,HBS,T 0800-0925
,,,,,Th 0800-0920
Closed,PSYCH 249,B,1.00 ,HBS,T 0935-1100
,,,,,Th 0930-1050
Closed,PSYCH 294,,0.25 ,,
Open,PSYCH 294,B,0.50 ,,
Open,PSYCH 298,,1.00 ,,
Open,PSYCH 298,B,1.00 ,,
Open,PSYCH 298,C,1.00 ,,
Open,PSYCH 298,D,1.00 ,,
Open,PSYCH 298,E,1.00 ,,
Open,PSYCH 298,F,1.00 ,,
Open,PSYCH 337,,1.00 ,,MWF 1255-0150PM
Closed,PSYCH 342,,1.00 ,WRI,T 0800-0925
,,,,,Th 0800-0920
Closed,PSYCH 390,A,1.00 ,,MWF 1045-1140
Open,PSYCH 390,B,1.00 ,,MWF 1045-1140
Closed,PSYCH 394,,1.00 ,,
Closed,PSYCH 396,,1.00 ,,T 1145-0110PM
,,,,,Th 1245-0205PM
Open,PSYCH 398,,1.00 ,WRI,
Open,PSYCH 398,A,1.00 ,,
Open,PSYCH 398,B,1.00 ,,
Open,PSYCH 398,C,1.00 ,,
Open,PSYCH 398,D,1.00 ,,
Closed,RACE 121,,1.00 ,ALS-L,MWF 1255-0150PM
,,,,MCD,
Closed,RACE 294,,1.00 ,,
Open,RACE 298,B,1.00 ,,
Open,RACE 298,,1.00 ,,
Closed,RACE 394,,1.00 ,,
Open,RACE 398,,1.00 ,,
Closed,REL 121,A,1.00 ,BTS-B,T 0935-1100
,,,,,Th 0930-1050
Closed,REL 121,B,1.00 ,BTS-B,MWF 0905-1000
,,,,,
Closed,REL 121,C,1.00 ,BTS-B,MWF 0905-1000
,,,,,
,,,,,
Closed,REL 121,D,1.00 ,BTS-B,MWF 1045-1140
,,,,,
,,,,,
Closed,REL 121,E,1.00 ,BTS-B,MWF 1045-1140
,,,,,
,,,,,
Closed,REL 121,F,1.00 ,BTS-B,MWF 1150-1245PM
,,,,,
Closed,REL 121,G,1.00 ,BTS-B,MWF 1150-1245PM
,,,,,
Closed,REL 121,H,1.00 ,BTS-B,T 0120-0245PM
,,,,,Th 0215-0335PM
Closed,REL 121,I,1.00 ,BTS-B,MWF 1255-0150PM
,,,,,
Closed,REL 121,J,1.00 ,BTS-B,MWF 1255-0150PM
,,,,,
,,,,,
Closed,REL 121,K,1.00 ,BTS-B,T 1145-0110PM
,,,,,Th 1245-0205PM
Closed,REL 121,L,1.00 ,BTS-B,MWF 0200-0255PM
,,,,,
,,,,,
Closed,REL 121,M,1.00 ,BTS-B,MWF 0200-0255PM
,,,,,
Closed,REL 121,N,1.00 ,BTS-B,T 0800-0925
,,,,,Th 0800-0920
Closed,REL 121,O,1.00 ,BTS-B,T 0935-1100
,,,,,Th 0930-1050
,,,,,
Closed,REL 121,P,1.00 ,BTS-B,T 0935-1100
,,,,,Th 0930-1050
Closed,REL 121,Q,1.00 ,BTS-B,MWF 0800-0855
,,,,,
,,,,,
Closed,REL 121,R,1.00 ,BTS-B,T 1145-0110PM
,,,,,Th 1245-0205PM
,,,,,
Closed,REL 121,S,1.00 ,BTS-B,MWF 1150-1245PM
,,,,,
Open,REL 121,T,1.00 ,BTS-B,T 0120-0245PM
,,,,,Th 0215-0335PM
Open,REL 121,U,1.00 ,BTS-B,MWF 1255-0150PM
,,,,,
Closed,REL 207,,1.00 ,BTS-T,T 0935-1100
,,,,,Th 0930-1050
Closed,REL 209,A,1.00 ,BTS-T,MWF 1045-1140
Closed,REL 209,B,1.00 ,BTS-T,MWF 0200-0255PM
Closed,REL 212,,1.00 ,BTS-T,MWF 0905-1000
Closed,REL 244,A,1.00 ,BTS-T,MWF 0905-1000
,,,,WRI,
Closed,REL 244,B,1.00 ,BTS-T,MWF 1255-0150PM
,,,,WRI,
Closed,REL 246,,1.00 ,MCG,T 0935-1100
,,,,WRI,Th 0930-1050
Closed,REL 255,,1.00 ,BTS-T,MWF 1150-1245PM
Closed,REL 263,,1.00 ,BTS-T,T 1145-0110PM
,,,,,Th 1245-0205PM
Open,REL 263,,0.25 ,,
Closed,REL 273,,1.00 ,BTS-T,MWF 1045-1140
,,,,WRI,
Closed,REL 294,,1.00 ,,
Closed,REL 296,,1.00 ,EIN,T 0120-0245PM
,,,,WRI,Th 0215-0335PM
,,,,,
Open,REL 298,,1.00 ,,
Open,REL 320,,1.00 ,,T 0120-0245PM
,,,,,Th 0215-0335PM
Open,REL 390,,1.00 ,,MWF 0905-1000
Closed,REL 394,,1.00 ,,
Open,REL 398,,1.00 ,,
Open,REL 398,B,1.00 ,,
Open,REL 398,C,1.00 ,,
Open,RUSSN 111,A,1.00 ,,MWF 0905-1000
,,,,,
Open,RUSSN 111,B,1.00 ,,MWF 1150-1245PM
,,,,,
Open,RUSSN 111,A,0.00 ,,T 0935-1030
Open,RUSSN 111,B,0.00 ,,T 1145-1240PM
Open,RUSSN 231,A,1.00 ,FOL-R,MWF 0905-1000
,,,,,
Open,RUSSN 231,B,1.00 ,FOL-R,MWF 1045-1140
,,,,,
Open,RUSSN 231,A,0.00 ,,T 1000-1055
Open,RUSSN 231,B,0.00 ,,T 1145-1240PM
Open,RUSSN 251,,1.00 ,FOL-R,MWF 0200-0255PM
Closed,RUSSN 294,,1.00 ,,
Open,RUSSN 298,,1.00 ,,
Closed,RUSSN 394,,1.00 ,,
Open,RUSSN 398,,1.00 ,WRI,
Closed,RUSST 294,,0.50 ,,
Open,RUSST 298,,1.00 ,,
Open,RUSST 398,,1.00 ,,
Closed,SCICN 213,,1.00 ,,T 0935-1100
,,,,,Th 0930-1050
Closed,SOAN 121,A,1.00 ,HBS,MWF 0800-0855
,,,,MCD,
Closed,SOAN 121,B,1.00 ,HBS,MWF 0905-1000
,,,,MCD,
Closed,SOAN 121,C,1.00 ,HBS,T 0935-1100
,,,,MCD,Th 0930-1050
Closed,SOAN 128,,1.00 ,HBS,T 0935-1100
,,,,MCG,Th 0930-1050
Closed,SOAN 233,A,1.00 ,HBS,T 1145-0110PM
,,,,HWC,Th 1245-0205PM
Closed,SOAN 233,B,1.00 ,HBS,T 0120-0245PM
,,,,HWC,Th 0215-0335PM
Open,SOAN 237,,1.00 ,HBS,T 0120-0245PM
,,,,MCG,Th 0215-0335PM
Closed,SOAN 261,A,1.00 ,HBS,T 1145-0110PM
,,,,MCG,Th 1245-0205PM
Closed,SOAN 261,B,1.00 ,HBS,T 0120-0245PM
,,,,MCG,Th 0215-0335PM
Closed,SOAN 262,A,1.00 ,HBS,MWF 1255-0150PM
,,,,MCG,
Closed,SOAN 262,B,1.00 ,HBS,MWF 0200-0255PM
,,,,MCG,
Open,SOAN 265,,1.00 ,HBS,T 1145-0110PM
,,,,,Th 1245-0205PM
Closed,SOAN 269,,1.00 ,HBS,MWF 1150-1245PM
,,,,MCD,
Closed,SOAN 292,A,1.00 ,WRI,MWF 1045-1140
,,,,,
Closed,SOAN 292,B,1.00 ,WRI,MWF 1255-0150PM
,,,,,
Closed,SOAN 294,,0.25 ,,
Open,SOAN 298,,1.00 ,,
Open,SOAN 298,A,1.00 ,,
Open,SOAN 298,B,1.00 ,,
Closed,SOAN 298,C,1.00 ,,
Open,SOAN 299,,1.00 ,,M 0700-1000PM
Open,SOAN 371,A,1.00 ,ORC,MWF 0905-1000
,,,,WRI,
,,,,,
Open,SOAN 371,B,1.00 ,ORC,MWF 1045-1140
,,,,WRI,
,,,,,
Closed,SOAN 394,,1.00 ,,
Open,SOAN 398,,1.00 ,,
Open,SOAN 398,B,1.00 ,,
Closed,SPAN 111,,1.00 ,,MWF 1045-1140
,,,,,
,,,,,
Closed,SPAN 112,A,1.00 ,,MWF 0800-0855
,,,,,
Closed,SPAN 112,B,1.00 ,,MWF 0905-1000
,,,,,
Closed,SPAN 112,C,1.00 ,,MWF 1150-1245PM
Closed,SPAN 231,A,1.00 ,,MWF 0800-0855
,,,,,
Closed,SPAN 231,B,1.00 ,,MWF 0800-0855
,,,,,
Closed,SPAN 231,C,1.00 ,,MWF 0905-1000
,,,,,
Closed,SPAN 231,D,1.00 ,,MWF 0905-1000
,,,,,
Closed,SPAN 231,E,1.00 ,,MWF 1045-1140
,,,,,
Closed,SPAN 231,F,1.00 ,,MWF 1150-1245PM
,,,,,
Open,SPAN 231,G,1.00 ,,MWF 1255-0150PM
,,,,,
Open,SPAN 231,H,1.00 ,,MWF 1255-0150PM
,,,,,
Closed,SPAN 231,I,1.00 ,,MWF 0200-0255PM
,,,,,
Closed,SPAN 232,A,1.00 ,FOL-S,MWF 0905-1000
,,,,MCD,
Closed,SPAN 232,B,1.00 ,FOL-S,MWF 1150-1245PM
,,,,MCD,
Open,SPAN 232,C,1.00 ,FOL-S,T 0800-0925
,,,,MCD,Th 0800-0920
Closed,SPAN 232,D,1.00 ,FOL-S,T 0935-1100
,,,,MCD,Th 0930-1050
Open,SPAN 232,E,1.00 ,FOL-S,T 0120-0245PM
,,,,MCD,Th 0215-0335PM
Closed,SPAN 250,A,1.00 ,FOL-S,T 0935-1100
,,,,WRI,Th 0930-1050
Open,SPAN 250,B,1.00 ,FOL-S,T 0120-0245PM
,,,,WRI,Th 0215-0335PM
Closed,SPAN 250,C,1.00 ,FOL-S,T 1145-0110PM
,,,,WRI,Th 1245-0205PM
Open,SPAN 273,,1.00 ,MCD,T 1145-0110PM
,,,,,Th 1245-0205PM
Closed,SPAN 275,,1.00 ,ALS-L,T 0120-0245PM
,,,,,Th 0215-0335PM
Closed,SPAN 276,,1.00 ,,MWF 1045-1140
Closed,SPAN 294,,1.00 ,,
Open,SPAN 298,,1.00 ,,
Open,SPAN 312,,1.00 ,WRI,MWF 1255-0150PM
Open,SPAN 314,,1.00 ,ALS-L,T 0935-1100
,,,,,Th 0930-1050
Closed,SPAN 394,,1.00 ,,
Closed,STAT 110,,1.00 ,AQR,T 1145-0110PM
,,,,,Th 1245-0205PM
,,,,,
,,,,,
Closed,STAT 110,A,0.00 ,,F 0800-0855
Closed,STAT 110,B,0.00 ,,F 0905-1000
Closed,STAT 110,C,0.00 ,,F 1045-1140
Closed,STAT 212,A,1.00 ,AQR,MWF 0800-0855
,,,,,
,,,,,
Closed,STAT 212,B,1.00 ,AQR,MWF 0905-1000
,,,,,
,,,,,
Closed,STAT 212,C,1.00 ,AQR,MWF 1045-1140
,,,,,
,,,,,
Closed,STAT 272,,1.00 ,WRI,T 0935-1100
,,,,,Th 0930-1050
Closed,STAT 294,,1.00 ,,
Open,STAT 298,,1.00 ,,
Open,STAT 322,,1.00 ,,MWF 1255-0150PM
Closed,STAT 394,,1.00 ,,
Open,STAT 398,,1.00 ,,
Closed,SWRK 221,,1.00 ,WRI,MWF 0200-0255PM
,,,,,
,,,,,
Open,SWRK 246,,1.00 ,,MWF 1045-1140
,,,,,
Open,SWRK 254,,1.00 ,ORC,T 0120-0245PM
,,,,,Th 0215-0335PM
,,,,,
Closed,SWRK 294,,1.00 ,,
Open,SWRK 298,,1.00 ,,
Open,SWRK 373,,1.00 ,,MWF 0800-1000
,,,,,MWF 1150-0150PM
,,,,,Th 0800-1050
,,,,,Th 1130-0200PM
Open,SWRK 380,A,3.00 ,WRI,M 0700-1000PM
,,,,,
,,,,,
Open,SWRK 380,B,3.00 ,WRI,M 0700-1000PM
,,,,,
,,,,,
Closed,SWRK 394,,1.00 ,,
Open,SWRK 398,,1.00 ,,
Closed,THEAT 110,,1.00 ,ALS-A,MWF 1255-0150PM
,,,,MCD,
,,,,ORC,
Closed,THEAT 115,A,1.00 ,ALS-A,MWF 0200-0255PM
,,,,ORC,
Closed,THEAT 115,B,1.00 ,ALS-A,T 1145-0110PM
,,,,ORC,Th 1245-0205PM
Closed,THEAT 130,,1.00 ,ALS-A,MWF 1255-0150PM
,,,,ORC,
Closed,THEAT 140,,1.00 ,ALS-A,T 0120-0245PM
,,,,,Th 0215-0335PM
Closed,THEAT 180,,1.00 ,ALS-L,MWF 0200-0255PM
,,,,WRI,
Open,THEAT 232,,1.00 ,,T 0935-1100
,,,,,Th 0930-1050
Closed,THEAT 233,A,0.25 ,,
,,,,,
,,,,,
Closed,THEAT 233,B,0.25 ,,
,,,,,
,,,,,
Open,THEAT 250,,1.00 ,ALS-A,MWF 1150-1245PM
Closed,THEAT 253,A,0.25 ,,
,,,,,
,,,,,
Closed,THEAT 253,B,0.25 ,,
Closed,THEAT 270,,1.00 ,ALS-L,MWF 0905-1000
,,,,HWC,
Closed,THEAT 294,,1.00 ,,
Open,THEAT 298,,1.00 ,,
Open,THEAT 298,B,1.00 ,,
Open,THEAT 298,C,1.00 ,,
Closed,THEAT 394,,1.00 ,,
Open,THEAT 398,,1.00 ,,
Open,THEAT 398,B,1.00 ,,
Closed,WMGST 121,A,1.00 ,,MWF 0905-1000
,,,,,
Closed,WMGST 121,B,1.00 ,,T 0935-1100
,,,,,Th 0930-1050
Closed,WMGST 294,,1.00 ,,
Open,WMGST 298,,1.00 ,,
Closed,WMGST 394,,1.00 ,,
Open,WMGST 398,,1.00 ,,
Closed,WRIT 107,A,1.00 ,,MWF 1045-1140
,,,,,Th 0700-0800PM
Closed,WRIT 107,B,1.00 ,,MWF 1150-1245PM
,,,,,Th 0700-0800PM
Closed,WRIT 107,C,1.00 ,,T 1145-0110PM
,,,,,Th 1245-0205PM
,,,,,Th 0700-0800PM
Closed,WRIT 110,A,1.00 ,,MWF 1150-1245PM
Closed,WRIT 110,B,1.00 ,,MWF 0200-0255PM
Closed,WRIT 110,C,1.00 ,,T 0935-1100
,,,,,Th 0930-1050
Closed,WRIT 111,A,1.00 ,FYW,MWF 0905-1000
,,,,,
Closed,WRIT 111,B,1.00 ,FYW,MWF 1045-1140
,,,,,
,,,,,
Closed,WRIT 111,C,1.00 ,FYW,MWF 1045-1140
,,,,,
Closed,WRIT 111,D,1.00 ,FYW,MWF 1150-1245PM
,,,,,
Closed,WRIT 111,E,1.00 ,FYW,MWF 1150-1245PM
,,,,,
Closed,WRIT 111,F,1.00 ,FYW,MWF 1255-0150PM
,,,,,
Closed,WRIT 111,G,1.00 ,FYW,MWF 1255-0150PM
,,,,,
Closed,WRIT 111,H,1.00 ,FYW,MWF 0200-0255PM
,,,,,
Closed,WRIT 111,I,1.00 ,FYW,MWF 0200-0255PM
,,,,,
Closed,WRIT 111,J,1.00 ,FYW,T 0800-0925
,,,,,Th 0800-0920
Closed,WRIT 111,K,1.00 ,FYW,T 0935-1100
,,,,,Th 0930-1050
Closed,WRIT 111,L,1.00 ,FYW,T 0935-1100
,,,,,Th 0930-1050
Closed,WRIT 111,M,1.00 ,FYW,T 1145-0110PM
,,,,,Th 1245-0205PM
Closed,WRIT 111,N,1.00 ,FYW,T 1145-0110PM
,,,,,Th 1245-0205PM
Closed,WRIT 111,O,1.00 ,FYW,T 0120-0245PM
,,,,,Th 0215-0335PM
Closed,WRIT 111,P,1.00 ,FYW,T 0120-0245PM
,,,,,Th 0215-0335PM
Closed,WRIT 111,Q,1.00 ,FYW,T 0120-0245PM
,,,,,Th 0215-0335PM